{
  "Total" : {
    "transaction" : "Total",
    "sampleCount" : 75,
    "errorCount" : 0,
    "errorPct" : 0.0,
    "meanResTime" : 370.08,
    "medianResTime" : 442.0,
    "minResTime" : 107.0,
    "maxResTime" : 986.0,
    "pct1ResTime" : 492.6,
    "pct2ResTime" : 574.8000000000003,
    "pct3ResTime" : 986.0,
    "throughput" : 0.08918188109558157,
    "receivedKBytesPerSec" : 1.9232153943830874,
    "sentKBytesPerSec" : 0.01206045595128529
  },
  "HTTP Request" : {
    "transaction" : "HTTP Request",
    "sampleCount" : 75,
    "errorCount" : 0,
    "errorPct" : 0.0,
    "meanResTime" : 370.08,
    "medianResTime" : 442.0,
    "minResTime" : 107.0,
    "maxResTime" : 986.0,
    "pct1ResTime" : 492.6,
    "pct2ResTime" : 574.8000000000003,
    "pct3ResTime" : 986.0,
    "throughput" : 0.08918188109558157,
    "receivedKBytesPerSec" : 1.9232153943830874,
    "sentKBytesPerSec" : 0.01206045595128529
  }
}